id,level,skill,lesson,type,prompt,opt_a,opt_a_correct,opt_a_why,opt_b,opt_b_correct,opt_b_why,opt_c,opt_c_correct,opt_c_why,opt_d,opt_d_correct,opt_d_why,accepted,explanation,grammar_note,tags
n5-001,N5,kana,hira-vowels,mcq,"What is the reading of あ?","a",true,"Correct - あ is the vowel a.","i",false,"i is the kana い.","u",false,"u is the kana う.","o",false,"o is the kana お.",,"あ is the first hiragana, read a.",kana-vowels,hiragana
n5-002,N5,kana,hira-vowels,mcq,"Which hiragana is read i?","あ",false,"あ is read a.","い",true,"Correct - い is read i.","う",false,"う is read u.","え",false,"え is read e.",,"い is the kana for the vowel i.",kana-vowels,hiragana
n5-003,N5,kana,hira-vowels,mcq,"What is the reading of う?","o",false,"o is お.","e",false,"e is え.","u",true,"Correct - う is read u.","a",false,"a is あ.",,"う is read u, like the oo in moon.",kana-vowels,hiragana
n5-004,N5,kana,hira-vowels,text,"Type the romaji for え",,,,,,,,,,,,,e,"え is read e.",kana-vowels,hiragana
n5-005,N5,kana,hira-vowels,mcq,"Which hiragana is read o?","お",true,"Correct - お is read o.","あ",false,"あ is read a.","え",false,"え is read e.","う",false,"う is read u.",,"お is the kana for the vowel o.",kana-vowels,hiragana
n5-006,N5,kana,hira-vowels,text,"Type the hiragana for a",,,,,,,,,,,,,あ,"The hiragana for a is あ.",kana-vowels,hiragana
n5-007,N5,kana,hira-vowels,mcq,"The Japanese vowels in order are a, i, u, e, ___ ?","o",true,"Correct - the order is a i u e o.","y",false,"y is not a Japanese vowel.","a",false,"a is the first vowel, not the last.","n",false,"ん comes much later, and is not a vowel.",,"The fixed vowel order is a, i, u, e, o.",kana-vowels,hiragana
n5-008,N5,kana,hira-k,mcq,"What is the reading of か?","ka",true,"Correct - か is read ka.","ki",false,"ki is き.","ku",false,"ku is く.","sa",false,"sa is さ.",,"か is the k sound plus a: ka.",kana-k,hiragana
n5-009,N5,kana,hira-k,mcq,"Which hiragana is read ki?","き",true,"Correct - き is read ki.","か",false,"か is read ka.","く",false,"く is read ku.","け",false,"け is read ke.",,"き is the k sound plus i: ki.",kana-k,hiragana
n5-010,N5,kana,hira-k,mcq,"What is the reading of く?","ko",false,"ko is こ.","ku",true,"Correct - く is read ku.","ke",false,"ke is け.","ka",false,"ka is か.",,"く is the k sound plus u: ku.",kana-k,hiragana
n5-011,N5,kana,hira-k,text,"Type the romaji for け",,,,,,,,,,,,,ke,"け is read ke.",kana-k,hiragana
n5-012,N5,kana,hira-k,mcq,"Which hiragana is read ko?","こ",true,"Correct - こ is read ko.","か",false,"か is read ka.","く",false,"く is read ku.","き",false,"き is read ki.",,"こ is the k sound plus o: ko.",kana-k,hiragana
n5-013,N5,kana,hira-k,text,"Type the hiragana for ka",,,,,,,,,,,,,か,"The hiragana for ka is か.",kana-k,hiragana
n5-014,N5,kana,hira-k,mcq,"か is the k sound joined to which vowel?","a",true,"Correct - k + a gives か (ka).","i",false,"k + i gives き (ki).","u",false,"k + u gives く (ku).","o",false,"k + o gives こ (ko).",,"Every K-row kana is k plus a vowel; か is k + a.",kana-k,hiragana
n5-015,N5,kana,hira-s,mcq,"What is the reading of さ?","sa",true,"Correct - さ is read sa.","shi",false,"shi is し.","su",false,"su is す.","se",false,"se is せ.",,"さ is the s sound plus a: sa.",kana-s,hiragana
n5-016,N5,kana,hira-s,mcq,"し is read...","shi",true,"Correct - し is read shi, not si.","si",false,"Hepburn romanisation writes this kana shi.","su",false,"su is す.","chi",false,"chi is ち.",,"し breaks the pattern: it is shi, not si.",kana-s,hiragana
n5-017,N5,kana,hira-s,mcq,"What is the reading of す?","su",true,"Correct - す is read su.","so",false,"so is そ.","se",false,"se is せ.","sa",false,"sa is さ.",,"す is the s sound plus u: su.",kana-s,hiragana
n5-018,N5,kana,hira-s,text,"Type the romaji for せ",,,,,,,,,,,,,se,"せ is read se.",kana-s,hiragana
n5-019,N5,kana,hira-s,mcq,"Which hiragana is read so?","そ",true,"Correct - そ is read so.","さ",false,"さ is read sa.","す",false,"す is read su.","し",false,"し is read shi.",,"そ is the s sound plus o: so.",kana-s,hiragana
n5-020,N5,kana,hira-s,text,"Type the hiragana for shi",,,,,,,,,,,,,し,"The hiragana for shi is し.",kana-s,hiragana
n5-021,N5,kana,hira-s,mcq,"Which S-row kana has an irregular reading?","し (shi)",true,"Correct - し is shi, not si.","さ (sa)",false,"さ is regular: sa.","す (su)",false,"す is regular: su.","せ (se)",false,"せ is regular: se.",,"Only し is irregular in the S row - it is shi.",kana-s,hiragana
n5-022,N5,kana,hira-t,mcq,"What is the reading of た?","ta",true,"Correct - た is read ta.","chi",false,"chi is ち.","tsu",false,"tsu is つ.","te",false,"te is て.",,"た is the t sound plus a: ta.",kana-t,hiragana
n5-023,N5,kana,hira-t,mcq,"ち is read...","chi",true,"Correct - ち is read chi.","ti",false,"In Hepburn this kana is chi, not ti.","si",false,"si is not how ち is read.","ki",false,"ki is き.",,"ち is irregular: it is chi, not ti.",kana-t,hiragana
n5-024,N5,kana,hira-t,mcq,"つ is read...","tsu",true,"Correct - つ is read tsu.","tu",false,"In Hepburn this kana is tsu, not tu.","su",false,"su is す.","chi",false,"chi is ち.",,"つ is irregular: it is tsu, not tu.",kana-t,hiragana
n5-025,N5,kana,hira-t,text,"Type the romaji for て",,,,,,,,,,,,,te,"て is read te.",kana-t,hiragana
n5-026,N5,kana,hira-t,mcq,"Which hiragana is read to?","と",true,"Correct - と is read to.","た",false,"た is read ta.","つ",false,"つ is read tsu.","て",false,"て is read te.",,"と is the t sound plus o: to.",kana-t,hiragana
n5-027,N5,kana,hira-t,text,"Type the hiragana for chi",,,,,,,,,,,,,ち,"The hiragana for chi is ち.",kana-t,hiragana
n5-028,N5,kana,hira-t,mcq,"Which two T-row kana have irregular readings?","ち and つ",true,"Correct - ち is chi and つ is tsu.","た and て",false,"た (ta) and て (te) are both regular.","た and と",false,"た (ta) and と (to) are both regular.","て and と",false,"て (te) and と (to) are both regular.",,"In the T row, ち (chi) and つ (tsu) break the pattern.",kana-t,hiragana
n5-029,N5,kana,hira-n,mcq,"What is the reading of な?","na",true,"Correct - な is read na.","ni",false,"ni is に.","nu",false,"nu is ぬ.","ne",false,"ne is ね.",,"な is the n sound plus a: na.",kana-n,hiragana
n5-030,N5,kana,hira-n,mcq,"Which hiragana is read ni?","に",true,"Correct - に is read ni.","な",false,"な is read na.","ぬ",false,"ぬ is read nu.","ね",false,"ね is read ne.",,"に is the n sound plus i: ni.",kana-n,hiragana
n5-031,N5,kana,hira-n,mcq,"What is the reading of ぬ?","nu",true,"Correct - ぬ is read nu.","no",false,"no is の.","ne",false,"ne is ね.","na",false,"na is な.",,"ぬ is the n sound plus u: nu.",kana-n,hiragana
n5-032,N5,kana,hira-n,text,"Type the romaji for ね",,,,,,,,,,,,,ne,"ね is read ne.",kana-n,hiragana
n5-033,N5,kana,hira-n,mcq,"Which hiragana is read no?","の",true,"Correct - の is read no.","な",false,"な is read na.","ぬ",false,"ぬ is read nu.","に",false,"に is read ni.",,"の is the n sound plus o: no.",kana-n,hiragana
n5-034,N5,kana,hira-n,text,"Type the hiragana for na",,,,,,,,,,,,,な,"The hiragana for na is な.",kana-n,hiragana
n5-035,N5,kana,hira-n,mcq,"ぬ is easy to confuse with which look-alike kana?","め (me)",true,"Correct - ぬ (nu) and め (me) look very similar.","か (ka)",false,"か does not resemble ぬ.","と (to)",false,"と does not resemble ぬ.","せ (se)",false,"せ does not resemble ぬ.",,"ぬ (nu) and め (me) are a classic look-alike pair - check the strokes.",kana-n,hiragana
n5-036,N5,kana,hira-hm,mcq,"What is the reading of は?","ha",true,"Correct - は is read ha as a plain kana.","wa",false,"は is read wa only when used as the topic particle.","ho",false,"ho is ほ.","ma",false,"ma is ま.",,"は is the h sound plus a: ha.",kana-hm,hiragana
n5-037,N5,kana,hira-hm,mcq,"ふ is read...","fu",true,"Correct - ふ is read fu, not hu.","hu",false,"In Hepburn this kana is fu, not hu.","fo",false,"fo is not a standard kana.","mu",false,"mu is む.",,"ふ is irregular in the H row - it is fu.",kana-hm,hiragana
n5-038,N5,kana,hira-hm,mcq,"Which hiragana is read ho?","ほ",true,"Correct - ほ is read ho.","は",false,"は is read ha.","ひ",false,"ひ is read hi.","へ",false,"へ is read he.",,"ほ is the h sound plus o: ho.",kana-hm,hiragana
n5-039,N5,kana,hira-hm,text,"Type the romaji for ひ",,,,,,,,,,,,,hi,"ひ is read hi.",kana-hm,hiragana
n5-040,N5,kana,hira-hm,mcq,"What is the reading of ま?","ma",true,"Correct - ま is read ma.","mi",false,"mi is み.","mu",false,"mu is む.","ha",false,"ha is は.",,"ま is the m sound plus a: ma.",kana-hm,hiragana
n5-041,N5,kana,hira-hm,mcq,"Which hiragana is read mu?","む",true,"Correct - む is read mu.","ま",false,"ま is read ma.","み",false,"み is read mi.","も",false,"も is read mo.",,"む is the m sound plus u: mu.",kana-hm,hiragana
n5-042,N5,kana,hira-hm,text,"Type the romaji for め",,,,,,,,,,,,,me,"め is read me.",kana-hm,hiragana
n5-043,N5,kana,hira-hm,text,"Type the hiragana for mo",,,,,,,,,,,,,も,"The hiragana for mo is も.",kana-hm,hiragana
n5-044,N5,kana,hira-hm,mcq,"Which H-row kana has an irregular reading?","ふ (fu)",true,"Correct - ふ is fu, not hu.","は (ha)",false,"は is regular: ha.","ひ (hi)",false,"ひ is regular: hi.","ほ (ho)",false,"ほ is regular: ho.",,"Only ふ is irregular in the H row - it is fu.",kana-hm,hiragana
n5-045,N5,kana,hira-hm,text,"Type the hiragana for hi",,,,,,,,,,,,,ひ,"The hiragana for hi is ひ.",kana-hm,hiragana
n5-046,N5,kana,hira-yrw,mcq,"What is the reading of や?","ya",true,"Correct - や is read ya.","yu",false,"yu is ゆ.","yo",false,"yo is よ.","wa",false,"wa is わ.",,"や is the y sound plus a: ya.",kana-yrw,hiragana
n5-047,N5,kana,hira-yrw,mcq,"Which hiragana is read yu?","ゆ",true,"Correct - ゆ is read yu.","や",false,"や is read ya.","よ",false,"よ is read yo.","ら",false,"ら is read ra.",,"ゆ is the y sound plus u: yu.",kana-yrw,hiragana
n5-048,N5,kana,hira-yrw,mcq,"What is the reading of ら?","ra",true,"Correct - ら is read ra.","ri",false,"ri is り.","ru",false,"ru is る.","ro",false,"ro is ろ.",,"ら is the r sound plus a: ra.",kana-yrw,hiragana
n5-049,N5,kana,hira-yrw,text,"Type the romaji for れ",,,,,,,,,,,,,re,"れ is read re.",kana-yrw,hiragana
n5-050,N5,kana,hira-yrw,mcq,"Which hiragana is read ro?","ろ",true,"Correct - ろ is read ro.","ら",false,"ら is read ra.","る",false,"る is read ru.","り",false,"り is read ri.",,"ろ is the r sound plus o: ro.",kana-yrw,hiragana
n5-051,N5,kana,hira-yrw,mcq,"What is the reading of わ?","wa",true,"Correct - わ is read wa.","wo",false,"wo is を.","ra",false,"ra is ら.","n",false,"n is ん.",,"わ is the w sound plus a: wa.",kana-yrw,hiragana
n5-052,N5,kana,hira-yrw,mcq,"を is used only as which particle?","the object particle",true,"Correct - を marks the direct object and is read o.","the topic particle",false,"The topic particle is は.","the subject particle",false,"The subject particle is が.","the place particle",false,"The place particle is で.",,"を is read o and only ever marks the direct object.",kana-yrw,hiragana
n5-053,N5,kana,hira-yrw,mcq,"Which statement about ん is true?","It never starts a word.",true,"Correct - ん is the only kana that cannot begin a word.","It is a vowel.",false,"ん is a single consonant, not a vowel.","It is read mu.",false,"ん is read n; mu is む.","It needs a dakuten.",false,"ん takes no dakuten.",,"ん is the only kana that is a lone consonant and never starts a word.",kana-yrw,hiragana
n5-054,N5,kana,hira-yrw,text,"Type the hiragana for ri",,,,,,,,,,,,,り,"The hiragana for ri is り.",kana-yrw,hiragana
n5-055,N5,kana,hira-yrw,text,"Type the romaji for ん",,,,,,,,,,,,,n,"ん is read n.",kana-yrw,hiragana
n5-056,N5,kana,hira-dakuten,mcq,"が is formed by adding dakuten to which kana?","か",true,"Correct - か plus dakuten gives が (ga).","さ",false,"さ plus dakuten gives ざ.","た",false,"た plus dakuten gives だ.","は",false,"は plus dakuten gives ば.",,"Dakuten voices k into g: か to が.",kana-dakuten,hiragana
n5-057,N5,kana,hira-dakuten,mcq,"What is the reading of ざ?","za",true,"Correct - ざ is read za.","sa",false,"sa is the plain さ.","ja",false,"ja is じゃ.","ga",false,"ga is が.",,"Dakuten voices s into z: さ to ざ.",kana-dakuten,hiragana
n5-058,N5,kana,hira-dakuten,mcq,"じ is read...","ji",true,"Correct - じ is read ji.","zi",false,"In Hepburn this kana is ji, not zi.","shi",false,"shi is the plain し.","chi",false,"chi is ち.",,"じ is irregular: it is ji, not zi.",kana-dakuten,hiragana
n5-059,N5,kana,hira-dakuten,mcq,"What is the reading of だ?","da",true,"Correct - だ is read da.","ta",false,"ta is the plain た.","ra",false,"ra is ら.","ba",false,"ba is ば.",,"Dakuten voices t into d: た to だ.",kana-dakuten,hiragana
n5-060,N5,kana,hira-dakuten,mcq,"ば and ぱ both come from the H row. Which mark makes ぱ?","handakuten (the small circle)",true,"Correct - the handakuten circle turns は into ぱ (pa).","dakuten (the two strokes)",false,"Dakuten turns は into ば (ba), not ぱ.","a small や",false,"A small や makes a youon, not a p sound.","no mark",false,"With no mark は stays ha.",,"The handakuten circle is used only on the H row to make p sounds.",kana-dakuten,hiragana
n5-061,N5,kana,hira-dakuten,mcq,"What is the reading of ぼ?","bo",true,"Correct - ぼ is read bo.","po",false,"po is ぽ.","ho",false,"ho is the plain ほ.","mo",false,"mo is も.",,"ほ plus dakuten gives ぼ (bo).",kana-dakuten,hiragana
n5-062,N5,kana,hira-dakuten,text,"Type the romaji for ぐ",,,,,,,,,,,,,gu,"ぐ is か-row く voiced: gu.",kana-dakuten,hiragana
n5-063,N5,kana,hira-dakuten,text,"Type the hiragana for pe",,,,,,,,,,,,,ぺ,"へ plus handakuten gives ぺ (pe).",kana-dakuten,hiragana
n5-064,N5,kana,hira-dakuten,mcq,"づ is read...","zu",true,"Correct - づ is read zu.","tsu",false,"tsu is the plain つ.","du",false,"In Hepburn this kana is zu, not du.","tu",false,"tu is not a standard reading.",,"づ is irregular: it is read zu.",kana-dakuten,hiragana
n5-065,N5,kana,hira-dakuten,text,"Type the romaji for ど",,,,,,,,,,,,,do,"と plus dakuten gives ど (do).",kana-dakuten,hiragana
n5-066,N5,kana,hira-youon,mcq,"What is the reading of きゃ?","kya",true,"Correct - き plus small ゃ is read kya as one syllable.","kiya",false,"The small ゃ makes one syllable, not ki-ya.","ka",false,"ka is か.","sha",false,"sha is しゃ.",,"A small ゃ after き gives the single sound kya.",kana-youon,hiragana
n5-067,N5,kana,hira-youon,mcq,"しゃ is read...","sha",true,"Correct - しゃ is read sha.","shya",false,"し drops the y: it is sha, not shya.","sa",false,"sa is さ.","shi",false,"shi is し.",,"し plus small ゃ gives sha - the y is dropped.",kana-youon,hiragana
n5-068,N5,kana,hira-youon,mcq,"What is the reading of ちゃ?","cha",true,"Correct - ちゃ is read cha.","chya",false,"ち drops the y: it is cha, not chya.","ca",false,"ca is not a standard reading.","ta",false,"ta is た.",,"ち plus small ゃ gives cha.",kana-youon,hiragana
n5-069,N5,kana,hira-youon,mcq,"Which is written with a SMALL ゅ?","きゅ (kyu)",true,"Correct - きゅ uses a small ゅ for one syllable.","きゆ (ki-yu)",false,"きゆ uses a full-size ゆ - two syllables.","くゆ",false,"This is not a youon.","きう",false,"This is not a youon.",,"A youon uses a small ゃゅょ; full-size kana stay two syllables.",kana-youon,hiragana
n5-070,N5,kana,hira-youon,mcq,"What is the reading of きょ?","kyo",true,"Correct - きょ is read kyo.","kiyo",false,"The small ょ makes one syllable, not ki-yo.","ko",false,"ko is こ.","kyu",false,"kyu is きゅ.",,"き plus small ょ gives kyo.",kana-youon,hiragana
n5-071,N5,kana,hira-youon,mcq,"じゃ is read...","ja",true,"Correct - じゃ is read ja.","jya",false,"じ drops the y: it is ja.","za",false,"za is ざ.","sha",false,"sha is しゃ.",,"じ plus small ゃ gives ja.",kana-youon,hiragana
n5-072,N5,kana,hira-youon,mcq,"What is the reading of しゅ?","shu",true,"Correct - しゅ is read shu.","shyu",false,"し drops the y: it is shu.","su",false,"su is す.","sho",false,"sho is しょ.",,"し plus small ゅ gives shu.",kana-youon,hiragana
n5-073,N5,kana,hira-youon,text,"Type the romaji for ひゃ",,,,,,,,,,,,,hya,"ひ plus small ゃ gives hya.",kana-youon,hiragana
n5-074,N5,kana,hira-youon,text,"Type the romaji for りょ",,,,,,,,,,,,,ryo,"り plus small ょ gives ryo.",kana-youon,hiragana
n5-075,N5,kana,hira-youon,text,"Type the romaji for ちゅ",,,,,,,,,,,,,chu,"ち plus small ゅ gives chu.",kana-youon,hiragana
n5-076,N5,kana,kata-1,mcq,"What is the reading of ア?","a",true,"Correct - ア is the katakana for a.","i",false,"i is イ.","u",false,"u is ウ.","ka",false,"ka is カ.",,"ア is katakana a, matching hiragana あ.",kana-katakana-1,katakana
n5-077,N5,kana,kata-1,mcq,"Which katakana is read ki?","キ",true,"Correct - キ is read ki.","カ",false,"カ is read ka.","ク",false,"ク is read ku.","ケ",false,"ケ is read ke.",,"キ is katakana ki, matching hiragana き.",kana-katakana-1,katakana
n5-078,N5,kana,kata-1,mcq,"シ is read...","shi",true,"Correct - シ is read shi.","tsu",false,"tsu is ツ - a common look-alike.","si",false,"In Hepburn this kana is shi.","n",false,"n is ン.",,"シ is shi; be careful not to confuse it with ツ (tsu).",kana-katakana-1,katakana
n5-079,N5,kana,kata-1,mcq,"ツ is read...","tsu",true,"Correct - ツ is read tsu.","shi",false,"shi is シ - a common look-alike.","tu",false,"In Hepburn this kana is tsu.","n",false,"n is ン.",,"ツ is tsu; the strokes differ from シ (shi) in direction.",kana-katakana-1,katakana
n5-080,N5,kana,kata-1,mcq,"What is the reading of ト?","to",true,"Correct - ト is read to.","ta",false,"ta is タ.","te",false,"te is テ.","ku",false,"ku is ク.",,"ト is katakana to, matching hiragana と.",kana-katakana-1,katakana
n5-081,N5,kana,kata-1,text,"Type the romaji for ウ",,,,,,,,,,,,,u,"ウ is katakana u.",kana-katakana-1,katakana
n5-082,N5,kana,kata-1,text,"Type the romaji for ス",,,,,,,,,,,,,su,"ス is katakana su.",kana-katakana-1,katakana
n5-083,N5,kana,kata-1,text,"Type the katakana for e",,,,,,,,,,,,,エ,"The katakana for e is エ.",kana-katakana-1,katakana
n5-084,N5,kana,kata-1,mcq,"Which katakana is read ko?","コ",true,"Correct - コ is read ko.","ロ",false,"ロ is read ro.","カ",false,"カ is read ka.","ク",false,"ク is read ku.",,"コ is katakana ko, matching hiragana こ.",kana-katakana-1,katakana
n5-085,N5,kana,kata-1,text,"Type the katakana for chi",,,,,,,,,,,,,チ,"The katakana for chi is チ.",kana-katakana-1,katakana
n5-086,N5,kana,kata-2,mcq,"What is the reading of ナ?","na",true,"Correct - ナ is read na.","ni",false,"ni is ニ.","ma",false,"ma is マ.","ka",false,"ka is カ.",,"ナ is katakana na, matching hiragana な.",kana-katakana-2,katakana
n5-087,N5,kana,kata-2,mcq,"ソ and ン look alike. Which one is read n?","ン",true,"Correct - ン is read n.","ソ",false,"ソ is read so.","シ",false,"シ is read shi.","ツ",false,"ツ is read tsu.",,"ン is n; ソ is so - the stroke direction tells them apart.",kana-katakana-2,katakana
n5-088,N5,kana,kata-2,mcq,"What is the reading of マ?","ma",true,"Correct - マ is read ma.","mu",false,"mu is ム.","na",false,"na is ナ.","mo",false,"mo is モ.",,"マ is katakana ma, matching hiragana ま.",kana-katakana-2,katakana
n5-089,N5,kana,kata-2,mcq,"What does the long-vowel mark ー do?","Lengthens the preceding vowel",true,"Correct - ー extends the vowel before it, as in コーヒー.","Marks a question",false,"ー has nothing to do with questions.","Adds a p sound",false,"That is the handakuten circle, not ー.","Doubles the consonant",false,"A small ッ doubles a consonant, not ー.",,"The ー mark lengthens the vowel before it in katakana words.",kana-katakana-2,katakana
n5-090,N5,kana,kata-2,mcq,"How is コーヒー read?","koohii (coffee)",true,"Correct - the ー marks lengthen the vowels: koohii.","kohi",false,"The ー marks lengthen both vowels.","kohhi",false,"ー lengthens vowels, it does not double the h.","kohii",false,"The first ー lengthens the o as well.",,"コーヒー uses ー twice: koohii, the loanword for coffee.",kana-katakana-2,katakana
n5-091,N5,kana,kata-2,mcq,"ガ is formed by adding dakuten to which katakana?","カ",true,"Correct - カ plus dakuten gives ガ (ga).","サ",false,"サ plus dakuten gives ザ.","タ",false,"タ plus dakuten gives ダ.","ハ",false,"ハ plus dakuten gives バ.",,"Dakuten work the same in katakana: カ to ガ.",kana-katakana-2,katakana
n5-092,N5,kana,kata-2,text,"Type the romaji for ラ",,,,,,,,,,,,,ra,"ラ is katakana ra.",kana-katakana-2,katakana
n5-093,N5,kana,kata-2,text,"Type the romaji for ヨ",,,,,,,,,,,,,yo,"ヨ is katakana yo.",kana-katakana-2,katakana
n5-094,N5,kana,kata-2,text,"Type the katakana for me",,,,,,,,,,,,,メ,"The katakana for me is メ.",kana-katakana-2,katakana
n5-095,N5,kana,kata-2,text,"Type the romaji for フ",,,,,,,,,,,,,fu,"フ is katakana fu.",kana-katakana-2,katakana
n5-096,N5,grammar,g5-desu,fill_blank,"わたしは がくせい___。 (I am a student.)",,,,,,,,,,,,,です,"X は Y です means X is Y; です is the polite copula.",g-desu,desu
n5-097,N5,grammar,g5-desu,fill_blank,"これ___ ほんです。 (This is a book.)",,,,,,,,,,,,,は,"は marks the topic of the sentence and is read wa.",g-desu,desu
n5-098,N5,grammar,g5-desu,fill_blank,"たなかさんは せんせい___。 (Tanaka is a teacher.)",,,,,,,,,,,,,です,"です links the topic to the predicate: is/am/are.",g-desu,desu
n5-099,N5,grammar,g5-desu,fill_blank,"わたしは がくせい___。 (I am not a student.)",,,,,,,,,,,,,じゃありません,"じゃありません is the polite negative of です.",g-desu,desu
n5-100,N5,grammar,g5-desu,fill_blank,"きのうは あめ___。 (It was rain yesterday.)",,,,,,,,,,,,,でした,"でした is the past form of です: was/were.",g-desu,desu
n5-101,N5,grammar,g5-desu,mcq,"Which is the polite negative of がくせいです?","がくせいじゃありません",true,"Correct - じゃありません is the negative of です.","がくせいでした",false,"でした is the past, not the negative.","がくせいですか",false,"ですか makes a question, not a negative.","がくせいません",false,"ません is a verb negative, not used with nouns.",,"The negative of です is じゃありません (or ではありません).",g-desu,desu
n5-102,N5,grammar,g5-desu,fill_blank,"あの ひとは いしゃ___か。 (Is that person a doctor?)",,,,,,,,,,,,,です,"です plus か forms a polite yes/no question.",g-desu,desu
n5-103,N5,grammar,g5-desu,fill_blank,"これは わたしの かばん___。 (This is my bag.)",,,,,,,,,,,,,です,"の links two nouns and です closes the sentence politely.",g-desu,desu
n5-104,N5,grammar,g5-desu,mcq,"What does でした mean?","was / were",true,"Correct - でした is the past tense of です.","is / are",false,"That is plain です.","is not",false,"That is じゃありません.","will be",false,"です already covers present and future.",,"でした is the polite past of です.",g-desu,desu
n5-105,N5,grammar,g5-desu,fill_blank,"せんしゅうは ひま___。 (I was free last week.)",,,,,,,,,,,,,でした,"でした gives the past for both nouns and な-adjectives.",g-desu,desu
n5-106,N5,grammar,g5-particles,fill_blank,"パン___ たべます。 (I eat bread.)",,,,,,,,,,,,,を,"を marks the direct object of the verb.",g-particles5,particles
n5-107,N5,grammar,g5-particles,fill_blank,"がっこう___ いきます。 (I go to school.)",,,,,,,,,,,,,に,"に marks the destination of a movement verb.",g-particles5,particles
n5-108,N5,grammar,g5-particles,fill_blank,"レストラン___ ばんごはんを たべます。 (I eat dinner at a restaurant.)",,,,,,,,,,,,,で,"で marks the place where an action happens.",g-particles5,particles
n5-109,N5,grammar,g5-particles,fill_blank,"わたし___ にほんじんです。 (I am Japanese.)",,,,,,,,,,,,,は,"は marks the topic; here it sets up わたし as the topic.",g-particles5,particles
n5-110,N5,grammar,g5-particles,fill_blank,"バス___ かいしゃへ いきます。 (I go to the office by bus.)",,,,,,,,,,,,,で,"で also marks the means or method of an action.",g-particles5,particles
n5-111,N5,grammar,g5-particles,fill_blank,"７じ___ おきます。 (I get up at 7 o'clock.)",,,,,,,,,,,,,に,"に marks a specific point in time with clock times.",g-particles5,particles
n5-112,N5,grammar,g5-particles,mcq,"Which particle marks the direct object?","を",true,"Correct - を marks the direct object.","は",false,"は marks the topic.","で",false,"で marks the place of an action.","に",false,"に marks a destination or time.",,"を is the direct-object particle, read o.",g-particles5,particles
n5-113,N5,grammar,g5-particles,fill_blank,"つくえの うえに ねこ___ います。 (There is a cat on the desk.)",,,,,,,,,,,,,が,"が marks the subject, especially with existence verbs います/あります.",g-particles5,particles
n5-114,N5,grammar,g5-particles,mcq,"In へやで ほんを よみます, why is で used?","It marks where the action happens",true,"Correct - で marks the place of an action.","It marks a destination",false,"That role belongs to に.","It marks the object",false,"を marks the object (ほんを).","It marks the topic",false,"は marks the topic.",,"で marks the location where an action takes place.",g-particles5,particles
n5-115,N5,grammar,g5-particles,fill_blank,"きょうしつ___ せんせいが います。 (The teacher is in the classroom.)",,,,,,,,,,,,,に,"に marks the place of existence with います/あります.",g-particles5,particles
n5-116,N5,grammar,g5-demonstratives,fill_blank,"___は ペンです。 (This is a pen - near the speaker.)",,,,,,,,,,,,,これ,"これ is the stand-alone 'this' for something near the speaker.",g-demonstratives,demonstratives
n5-117,N5,grammar,g5-demonstratives,fill_blank,"___ ほんを よみます。 (I read this book - この + noun.)",,,,,,,,,,,,,この,"この must be followed by a noun: この + ほん.",g-demonstratives,demonstratives
n5-118,N5,grammar,g5-demonstratives,fill_blank,"トイレは ___です。 (The toilet is over there.)",,,,,,,,,,,,,あそこ,"あそこ means 'over there', away from both speakers.",g-demonstratives,demonstratives
n5-119,N5,grammar,g5-demonstratives,mcq,"Which word must be followed by a noun?","その",true,"Correct - その is an adjective-type word: その + noun.","それ",false,"それ stands alone as a noun.","そこ",false,"そこ stands alone and means 'there'.","あれ",false,"あれ stands alone as a noun.",,"この/その/あの always attach to a following noun.",g-demonstratives,demonstratives
n5-120,N5,grammar,g5-demonstratives,fill_blank,"___は なんですか。 (What is that thing near you?)",,,,,,,,,,,,,それ,"それ refers to something near the listener.",g-demonstratives,demonstratives
n5-121,N5,grammar,g5-demonstratives,fill_blank,"___で たべましょう。 (Let's eat here.)",,,,,,,,,,,,,ここ,"ここ means 'here', the place near the speaker.",g-demonstratives,demonstratives
n5-122,N5,grammar,g5-demonstratives,mcq,"You point at a building far from both you and the listener. Which word fits?","あの たてもの",true,"Correct - あの is for things far from both people.","この たてもの",false,"この is for things near the speaker.","その たてもの",false,"その is for things near the listener.","どの たてもの",false,"どの asks 'which', it does not point.",,"あの points to something distant from both speakers.",g-demonstratives,demonstratives
n5-123,N5,grammar,g5-demonstratives,fill_blank,"___は わたしの かさです。 (That one over there is my umbrella.)",,,,,,,,,,,,,あれ,"あれ is the stand-alone 'that over there'.",g-demonstratives,demonstratives
n5-124,N5,grammar,g5-demonstratives,mcq,"Which question word means 'where'?","どこ",true,"Correct - どこ is the do-word for place.","どれ",false,"どれ means 'which one'.","どの",false,"どの means 'which' plus a noun.","これ",false,"これ means 'this'.",,"どこ is the ko-so-a-do place word meaning 'where'.",g-demonstratives,demonstratives
n5-125,N5,grammar,g5-demonstratives,fill_blank,"___ かばんは だれのですか。 (Whose is that bag near you?)",,,,,,,,,,,,,その,"その attaches to かばん to mean 'that bag near you'.",g-demonstratives,demonstratives
n5-126,N5,grammar,g5-adjectives,fill_blank,"この カメラは たか___です。 (This camera is expensive.)",,,,,,,,,,,,,い,"たかい is an い-adjective; its plain form keeps the い.",g-adjectives5,adjectives
n5-127,N5,grammar,g5-adjectives,fill_blank,"きれい___ はなを かいました。 (I bought pretty flowers.)",,,,,,,,,,,,,な,"きれい is a な-adjective; it takes な before a noun.",g-adjectives5,adjectives
n5-128,N5,grammar,g5-adjectives,fill_blank,"この へやは しずか___。 (This room is quiet.)",,,,,,,,,,,,,です,"な-adjectives use です to mean 'is', like a noun.",g-adjectives5,adjectives
n5-129,N5,grammar,g5-adjectives,fill_blank,"きょうは あつ___ないです。 (It is not hot today.)",,,,,,,,,,,,,く,"い-adjectives form the negative with くない: あつい to あつくない.",g-adjectives5,adjectives
n5-130,N5,grammar,g5-adjectives,mcq,"What is the negative of たかい?","たかくない",true,"Correct - drop い and add くない.","たかいじゃない",false,"い-adjectives do not use じゃない.","たかくのない",false,"The form is くない, not くのない.","たかでない",false,"That is not a valid い-adjective form.",,"い-adjectives become negative by replacing い with くない.",g-adjectives5,adjectives
n5-131,N5,grammar,g5-adjectives,fill_blank,"げんき___ ひとですね。 (He is a lively person.)",,,,,,,,,,,,,な,"げんき is a な-adjective and takes な before ひと.",g-adjectives5,adjectives
n5-132,N5,grammar,g5-adjectives,fill_blank,"えいがは おもしろ___です。 (The movie is interesting.)",,,,,,,,,,,,,い,"おもしろい is an い-adjective; the plain form keeps い before です.",g-adjectives5,adjectives
n5-133,N5,grammar,g5-adjectives,mcq,"Which is the negative of いい (good)?","よくない",true,"Correct - いい is irregular; its negative is よくない.","いくない",false,"いい is irregular and does not use いくない.","いいじゃない",false,"い-adjectives do not use じゃない.","よいない",false,"The correct form is よくない.",,"いい is irregular: the negative is よくない, based on よい.",g-adjectives5,adjectives
n5-134,N5,grammar,g5-adjectives,fill_blank,"テストは むずかし___かったです。 (The test was difficult.)",,,,,,,,,,,,,かった,"い-adjectives form the past by replacing い with かった.",g-adjectives5,adjectives
n5-135,N5,grammar,g5-adjectives,mcq,"Why does ゆうめいな take な in ゆうめいな ところ?","ゆうめい is a な-adjective before a noun",true,"Correct - な-adjectives add な when modifying a noun.","な makes it past tense",false,"な does not mark tense.","な is the negative",false,"The negative is じゃありません.","な marks the topic",false,"The topic particle is は.",,"な-adjectives take な directly before the noun they modify.",g-adjectives5,adjectives
n5-136,N5,grammar,g5-verbs,fill_blank,"まいにち コーヒーを のみ___。 (I drink coffee every day.)",,,,,,,,,,,,,ます,"ます is the polite present/future ending of a verb.",g-verbs-masu,verbs
n5-137,N5,grammar,g5-verbs,fill_blank,"きのう テレビを み___。 (I watched TV yesterday.)",,,,,,,,,,,,,ました,"ました is the polite past ending: did.",g-verbs-masu,verbs
n5-138,N5,grammar,g5-verbs,fill_blank,"わたしは にくを たべ___。 (I do not eat meat.)",,,,,,,,,,,,,ません,"ません is the polite negative: do not.",g-verbs-masu,verbs
n5-139,N5,grammar,g5-verbs,fill_blank,"きのう がっこうへ いき___でした。 (I did not go to school yesterday.)",,,,,,,,,,,,,ません,"The negative past is ませんでした: いきません + でした.",g-verbs-masu,verbs
n5-140,N5,grammar,g5-verbs,mcq,"Which ending means 'did not'?","ませんでした",true,"Correct - ませんでした is the polite negative past.","ました",false,"ました is the affirmative past.","ません",false,"ません is the negative present.","ます",false,"ます is the affirmative present.",,"ませんでした combines the negative ません with the past でした.",g-verbs-masu,verbs
n5-141,N5,grammar,g5-verbs,fill_blank,"あした としょかんで ほんを よみ___。 (I will read a book at the library tomorrow.)",,,,,,,,,,,,,ます,"ます also expresses the future; context shows it is tomorrow.",g-verbs-masu,verbs
n5-142,N5,grammar,g5-verbs,fill_blank,"せんしゅう ともだちに あい___。 (I met a friend last week.)",,,,,,,,,,,,,ました,"ました marks the polite past: met.",g-verbs-masu,verbs
n5-143,N5,grammar,g5-verbs,mcq,"What does the ます form add to a verb?","politeness",true,"Correct - the ます form is the polite style.","past tense only",false,"ます is present/future; ました is the past.","a question",false,"か makes a question, not ます.","negation",false,"ません negates; plain ます is affirmative.",,"The ます form is the polite, neutral verb style.",g-verbs-masu,verbs
n5-144,N5,grammar,g5-verbs,fill_blank,"あさ６じに おき___。 (I get up at 6 in the morning.)",,,,,,,,,,,,,ます,"ます gives the polite present for a habitual action.",g-verbs-masu,verbs
n5-145,N5,grammar,g5-verbs,fill_blank,"きのうの よる なにも たべ___でした。 (I did not eat anything last night.)",,,,,,,,,,,,,ません,"なにも with ませんでした means 'did not eat anything'.",g-verbs-masu,verbs
n5-146,N5,grammar,g5-questions,fill_blank,"これは ほんです___。 (Is this a book?)",,,,,,,,,,,,,か,"か at the end of a sentence turns it into a question.",g-questions5,questions
n5-147,N5,grammar,g5-questions,fill_blank,"えきは ___ですか。 (Where is the station?)",,,,,,,,,,,,,どこ,"どこ asks for a place: 'where'.",g-questions5,questions
n5-148,N5,grammar,g5-questions,fill_blank,"___が きますか。 (Who is coming?)",,,,,,,,,,,,,だれ,"だれ asks for a person: 'who'.",g-questions5,questions
n5-149,N5,grammar,g5-questions,fill_blank,"これは ___ですか。 (What is this?)",,,,,,,,,,,,,なん,"なに becomes なん before です: なんですか.",g-questions5,questions
n5-150,N5,grammar,g5-questions,fill_blank,"たんじょうびは ___ですか。 (When is your birthday?)",,,,,,,,,,,,,いつ,"いつ asks for a time: 'when'.",g-questions5,questions
n5-151,N5,grammar,g5-questions,fill_blank,"この かばんは ___ですか。 (How much is this bag?)",,,,,,,,,,,,,いくら,"いくら asks for a price: 'how much'.",g-questions5,questions
n5-152,N5,grammar,g5-questions,mcq,"Which word asks 'how'?","どう",true,"Correct - どう asks 'how'.","どこ",false,"どこ asks 'where'.","だれ",false,"だれ asks 'who'.","いつ",false,"いつ asks 'when'.",,"どう is the question word for 'how'.",g-questions5,questions
n5-153,N5,grammar,g5-questions,mcq,"Why does なに change to なん in なんですか?","なに becomes なん before です",true,"Correct - なに shifts to なん before です and counters.","なん is a different word",false,"なん is just the なに form used before です.","なん is the past tense",false,"Question words have no tense.","なん is plural",false,"Japanese question words are not pluralised.",,"なに is read なん before です and counter words.",g-questions5,questions
n5-154,N5,grammar,g5-questions,fill_blank,"にほんごの べんきょうは ___ですか。 (How is your Japanese study going?)",,,,,,,,,,,,,どう,"どう asks 'how' about a state or experience.",g-questions5,questions
n5-155,N5,grammar,g5-questions,fill_blank,"あした なにを し___か。 (What will you do tomorrow?)",,,,,,,,,,,,,ます,"The ます verb plus か forms a polite question.",g-questions5,questions
n5-156,N5,vocab,v5-greetings,fill_blank,"あさ ともだちに 「___」と いいます。 (In the morning you say this greeting.)",,,,,,,,,,,,,おはようございます|おはよう,"おはようございます is the morning greeting, 'good morning'.",,greetings
n5-157,N5,vocab,v5-greetings,fill_blank,"ひるに ともだちに 「___」と いいます。 (At midday you say this greeting.)",,,,,,,,,,,,,こんにちは,"こんにちは is the daytime greeting, 'hello / good afternoon'.",,greetings
n5-158,N5,vocab,v5-greetings,fill_blank,"プレゼントを もらって 「___」と いいました。 (You received a gift and said thank you.)",,,,,,,,,,,,,ありがとうございます|ありがとう,"ありがとう (ございます) means 'thank you'.",,greetings
n5-159,N5,vocab,v5-greetings,fill_blank,"ひとに ぶつかって 「___」と いいました。 (You bumped into someone and said sorry / excuse me.)",,,,,,,,,,,,,すみません,"すみません means 'excuse me' or 'sorry'.",,greetings
n5-160,N5,vocab,v5-greetings,fill_blank,"よるに ねるまえ 「___」と いいます。 (At night before sleeping you say this.)",,,,,,,,,,,,,おやすみなさい|おやすみ,"おやすみなさい means 'good night'.",,greetings
n5-161,N5,vocab,v5-greetings,mcq,"What does さようなら mean?","goodbye",true,"Correct - さようなら means 'goodbye'.","good morning",false,"That is おはよう.","thank you",false,"That is ありがとう.","you're welcome",false,"That is どういたしまして.",,"さようなら is the word for 'goodbye'.",,greetings
n5-162,N5,vocab,v5-greetings,fill_blank,"はじめて あう ひとに 「___」と いいます。 (You say this when meeting someone for the first time.)",,,,,,,,,,,,,はじめまして,"はじめまして means 'nice to meet you', used at a first meeting.",,greetings
n5-163,N5,vocab,v5-greetings,mcq,"Someone says ありがとう. A natural reply is...","どういたしまして",true,"Correct - どういたしまして means 'you're welcome'.","おはよう",false,"おはよう is a morning greeting.","すみません",false,"すみません means 'excuse me'.","こんばんは",false,"こんばんは means 'good evening'.",,"どういたしまして is the reply 'you're welcome'.",,greetings
n5-164,N5,vocab,v5-greetings,fill_blank,"よるに ともだちに 「___」と いいます。 (In the evening you say this greeting.)",,,,,,,,,,,,,こんばんは,"こんばんは is the evening greeting, 'good evening'.",,greetings
n5-165,N5,vocab,v5-greetings,fill_blank,"いえを でるとき かぞくに 「___」と いいます。 (You say this to your family when leaving home.)",,,,,,,,,,,,,いってきます,"いってきます means 'I'm off / I'll go and come back'.",,greetings
n5-166,N5,vocab,v5-numbers,fill_blank,"りんごが ___ あります。１＋２＝３ (There are three apples - use the ～つ counter.)",,,,,,,,,,,,,みっつ,"みっつ is 'three things' using the native ～つ counter.",,numbers
n5-167,N5,vocab,v5-numbers,fill_blank,"きょうしつに がくせいが ５___ います。 (There are five students - use the ～人 counter.)",,,,,,,,,,,,,にん|５にん,"５人 is read ごにん; ～人 counts people.",,numbers
n5-168,N5,vocab,v5-numbers,fill_blank,"この ほんは ５００___です。 (This book is 500 yen.)",,,,,,,,,,,,,えん,"円 (えん) is the Japanese currency counter, 'yen'.",,numbers
n5-169,N5,vocab,v5-numbers,mcq,"How do you say the number 7?","なな / しち",true,"Correct - 7 is read なな or しち.","はち",false,"はち is 8.","ろく",false,"ろく is 6.","きゅう",false,"きゅう is 9.",,"7 has two readings: なな and しち.",,numbers
n5-170,N5,vocab,v5-numbers,fill_blank,"みかんを ___ ください。１＋１＝２ (Please give me two - use the ～つ counter.)",,,,,,,,,,,,,ふたつ,"ふたつ is 'two things' with the native ～つ counter.",,numbers
n5-171,N5,vocab,v5-numbers,mcq,"What number is じゅう?","10",true,"Correct - じゅう is 10.","100",false,"100 is ひゃく.","1000",false,"1000 is せん.","1",false,"1 is いち.",,"じゅう is the number 10.",,numbers
n5-172,N5,vocab,v5-numbers,fill_blank,"１００の よみかたは ___です。 (100 is read like this.)",,,,,,,,,,,,,ひゃく,"100 is read ひゃく.",,numbers
n5-173,N5,vocab,v5-numbers,fill_blank,"１０００の よみかたは ___です。 (1000 is read like this.)",,,,,,,,,,,,,せん,"1000 is read せん.",,numbers
n5-174,N5,vocab,v5-numbers,mcq,"Which counter is used for people?","～人 (にん)",true,"Correct - ～人 counts people.","～つ",false,"～つ counts general objects.","～円",false,"～円 is for money.","～さい",false,"～さい counts years of age.",,"～人 (にん) is the counter for people.",,numbers
n5-175,N5,vocab,v5-numbers,fill_blank,"１＋１＋１＋１＝４。４は ___ つです。 (The native ～つ reading for four.)",,,,,,,,,,,,,よっ,"4 with the ～つ counter is よっつ.",,numbers
n5-176,N5,vocab,v5-time,fill_blank,"いま ___です。７:００ (It is seven o'clock now.)",,,,,,,,,,,,,しちじ|７じ,"7:00 is read しちじ; ～時 (じ) counts the hour.",,time
n5-177,N5,vocab,v5-time,fill_blank,"あしたの つぎの ひは あさってです。きょうの まえの ひは ___です。 (The day before today.)",,,,,,,,,,,,,きのう|昨日,"きのう (昨日) means 'yesterday'.",,time
n5-178,N5,vocab,v5-time,fill_blank,"___ がっこうへ いきます。あしたではなく、いまの ひ。 (You go to school on the present day.)",,,,,,,,,,,,,きょう|今日,"きょう (今日) means 'today'.",,time
n5-179,N5,vocab,v5-time,mcq,"Which day is げつようび?","Monday",true,"Correct - げつようび is Monday.","Sunday",false,"Sunday is にちようび.","Friday",false,"Friday is きんようび.","Saturday",false,"Saturday is どようび.",,"げつようび (月曜日) is Monday.",,time
n5-180,N5,vocab,v5-time,fill_blank,"きょうの つぎの ひは ___です。 (The day after today.)",,,,,,,,,,,,,あした|明日,"あした (明日) means 'tomorrow'.",,time
n5-181,N5,vocab,v5-time,mcq,"What does にちようび mean?","Sunday",true,"Correct - にちようび is Sunday.","Monday",false,"Monday is げつようび.","Wednesday",false,"Wednesday is すいようび.","Thursday",false,"Thursday is もくようび.",,"にちようび (日曜日) is Sunday.",,time
n5-182,N5,vocab,v5-time,fill_blank,"あさ ___に おきます。６:３０ (I get up at 6:30 in the morning - the half-hour word.)",,,,,,,,,,,,,はん,"半 (はん) means 'half past'; ６時半 is 6:30.",,time
n5-183,N5,vocab,v5-time,fill_blank,"いっしゅうかんの さいごの へいじつは ___です。 (The last weekday of the week.)",,,,,,,,,,,,,きんようび|金曜日,"きんようび (金曜日) is Friday.",,time
n5-184,N5,vocab,v5-time,fill_blank,"えいがは ___から はじまります。３:００ (The movie starts at 3 o'clock.)",,,,,,,,,,,,,さんじ|３じ,"3:00 is read さんじ.",,time
n5-185,N5,vocab,v5-time,mcq,"What time is じゅうにじ?","12 o'clock",true,"Correct - じゅうにじ is 12 o'clock.","2 o'clock",false,"2 o'clock is にじ.","10 o'clock",false,"10 o'clock is じゅうじ.","11 o'clock",false,"11 o'clock is じゅういちじ.",,"じゅうにじ (十二時) is 12 o'clock.",,time
n5-186,N5,vocab,v5-everyday,fill_blank,"わたしの ちちと ___は げんきです。ちちは おとこ、これは おんな。 (Your female parent.)",,,,,,,,,,,,,はは|母,"はは (母) means 'mother' when speaking of one's own.",,everyday
n5-187,N5,vocab,v5-everyday,fill_blank,"あさごはんに ___を のみます。あたたかい、くろい のみもの。 (A hot black drink.)",,,,,,,,,,,,,コーヒー,"コーヒー is the loanword for 'coffee'.",,everyday
n5-188,N5,vocab,v5-everyday,fill_blank,"ほんを かりに ___へ いきます。ほんが たくさん ある ところ。 (A place with many books.)",,,,,,,,,,,,,としょかん|図書館,"としょかん (図書館) means 'library'.",,everyday
n5-189,N5,vocab,v5-everyday,mcq,"What does みず mean?","water",true,"Correct - みず (水) means 'water'.","fire",false,"Fire is ひ (火).","tea",false,"Tea is おちゃ.","rice",false,"Cooked rice is ごはん.",,"みず (水) means 'water'.",,everyday
n5-190,N5,vocab,v5-everyday,fill_blank,"あたらしい くつを かいに ___へ いきます。ものを かう ところ。 (A place where you buy things.)",,,,,,,,,,,,,みせ|店,"みせ (店) means 'shop / store'.",,everyday
n5-191,N5,vocab,v5-everyday,mcq,"What does せんせい mean?","teacher",true,"Correct - せんせい (先生) means 'teacher'.","student",false,"Student is がくせい.","doctor",false,"Doctor is いしゃ.","friend",false,"Friend is ともだち.",,"せんせい (先生) means 'teacher'.",,everyday
n5-192,N5,vocab,v5-everyday,fill_blank,"おなかが すきました。___を たべます。しろい、にほんの しゅしょく。 (The white staple food of Japan.)",,,,,,,,,,,,,ごはん,"ごはん means 'cooked rice' and also 'a meal'.",,everyday
n5-193,N5,vocab,v5-everyday,fill_blank,"でんしゃに のるため ___へ いきます。でんしゃが とまる ところ。 (The place where trains stop.)",,,,,,,,,,,,,えき|駅,"えき (駅) means 'station'.",,everyday
n5-194,N5,vocab,v5-everyday,mcq,"What does ともだち mean?","friend",true,"Correct - ともだち (友達) means 'friend'.","family",false,"Family is かぞく.","teacher",false,"Teacher is せんせい.","child",false,"Child is こども.",,"ともだち (友達) means 'friend'.",,everyday
n5-195,N5,vocab,v5-everyday,fill_blank,"わたしの かぞくは ちちと ___と いもうとです。ちちの つま。 (Your female parent, member of the family.)",,,,,,,,,,,,,はは|母,"はは (母) is 'mother' within one's own family.",,everyday
